,prediction_label
_0,2.4466323043568003
_1,3.5151863401756978
_2,2.4403602511486766
_3,2.7865862078513945
_4,1.9949575057220537
_5,2.4277228341013344
_6,2.445671751824845
_7,2.371891217958792
_8,2.631206999646756
_9,2.3499943921190796
_10,2.5600368547735735
_11,5.077471014789674
_12,4.165335012228799
_13,4.5476309839594355
_14,2.1932166658435377
_15,2.9686528516294133
_16,3.7875970082457266
_17,2.4824793936356695
_18,2.11918034844535
_19,2.6616225185472953
_20,5.651669139053854
_21,2.7313815857168833
_22,3.8443253651701625
_23,2.234359507240491
_24,3.302828632202995
_25,2.3426066573368756
_26,2.6685014773821263
_27,4.600739418989174
_28,2.597444796058951
_29,2.720583382585638
_30,2.9880602026483944
_31,2.4963207661749984
_32,2.842410781578674
_33,2.272629230420505
_34,2.290243787111699
_35,2.120332419486222
_36,2.160997534447122
_37,2.661811361823357
_38,2.3175922889549136
_39,2.4900443702564576
_40,2.114456876107804
_41,2.3125899431883186
_42,2.9926669919750766
_43,2.2313889382028167
_44,2.5600796879473933
_45,2.6389819742483422
_46,4.460875632637788
_47,2.0135580054408617
_48,2.568127216512906
_49,1.984983608875483
_50,2.1766550481022886
_51,2.3514634275935937
_52,2.933163908270036
_53,2.284386529948829
_54,2.6357632979464647
_55,2.7934328082965627
_56,3.001613352810852
_57,3.4933835140232827
_58,3.6930875890661996
_59,3.3120593003131846
_60,4.354506291326362
_61,4.393863181196811
_62,3.2419720693585137
_63,2.898288971764517
_64,3.2915502844222595
_65,4.11445425491339
_66,2.0336077068657
_67,2.89001037488735
_68,2.6428939649327052
_69,3.1778193047295367
_70,5.28989080176474
_71,5.12951117919787
_72,4.918974027267271
_73,3.013726086937569
_74,4.981902555833876
_75,3.7988189647195867
_76,4.209836320352081
_77,3.321420783900145
_78,5.4990026503264735
_79,5.401829677432916
_80,5.498415974464669
_81,3.4596109088240405
_82,2.5721408297097303
_83,2.857462350653216
_84,2.7927758575345956
_85,3.771557580755544
_86,3.47497395946146
_87,3.251751388924319
_88,2.2614141656393376
_89,3.174870770640797
_90,3.455627541374861
_91,2.9614248751448895
_92,2.5392670287663774
_93,2.731488138674676
_94,4.585682357320267
_95,3.9303662633600696
_96,4.822187923568258
_97,5.6054949316706955
_98,5.424533810021863
_99,5.29104491089776
_100,5.286049106834102
_101,5.82706903721746
_102,5.386555467607613
_103,3.598826616572615
_104,3.2454866920545706
_105,4.281354864103267
_106,4.176594586484209
_107,4.51503367351088
_108,4.604416333170908
_109,3.001615402301942
_110,1.956395089290551
_111,1.870394578274012
_112,1.8257110716243878
_113,1.7797371783397897
_114,1.856886416984912
_115,1.949443825832834
_116,1.8936524992986834
_117,1.8971799298380279
_118,2.562474321188738
_119,2.063244315478042
_120,3.763879933821924
_121,2.1355894597126315
_122,2.4357038048586306
_123,2.319268257038616
_124,3.053566654030259
_125,2.7577521815378137
_126,1.7435697950351885
_127,1.96264530529601
_128,2.402000781630381
_129,1.709607628902948
_130,1.7687812436174721
_131,2.0230372771175076
_132,1.7700059067225795
_133,2.694491521247888
_134,3.2045306578159094
_135,2.62623246472582
_136,1.7121253287630436
_137,1.9352427310227098
_138,1.8470103310084796
_139,1.946846108182107
_140,1.974763563105502
_141,1.8761578869017923
_142,1.6827317392540162
_143,2.8917971640506965
_144,4.080985590614291
_145,2.50760996431975
_146,2.5105292326676714
_147,2.2476110657360926
_148,2.6730642879677635
_149,2.224307954765499
_150,2.8296621633122836
_151,2.034772110034506
_152,1.5559705207249475
_153,2.411932836682532
_154,2.491855507228077
_155,1.8816262483890722
_156,2.409929250423215
_157,2.607225221539992
_158,2.139884953753398
_159,4.633900888183575
_160,2.2083792978903687
_161,2.355528278733565
_162,3.637031603712192
_163,2.0512896723680485
_164,3.9477533686328483
_165,3.4201581714891907
_166,2.0417353310075623
_167,2.5792734775894006
_168,1.8829034098433999
_169,2.8320450169065596
_170,2.6834001680088937
_171,3.8349745542046256
_172,2.131489845761723
_173,2.4863665031536266
_174,1.791593178850672
_175,1.996600267740936
_176,2.600141380412388
_177,2.263189003274506
_178,2.289356327953001
_179,1.8835130705971144
_180,1.8414073337178245
_181,4.730226761813015
_182,4.8843734885446874
_183,2.5129944436303338
_184,2.7239162727345425
_185,2.263189003274506
_186,2.289356327953001
_187,1.8835130705971144
_188,1.8414073337178245
_189,2.203419890934419
_190,3.4977687103912602
_191,2.887671904609639
_192,2.356782992358538
_193,4.181501917260236
_194,3.3389381247910666
_195,2.356910055444536
_196,2.383971189221857
_197,1.850407001685381
_198,1.9356691228612433
_199,3.7076890451081748
_200,1.9505729374375431
_201,2.1555717587771004
_202,2.048230317895488
_203,1.8110188070698046
_204,2.7046109331139268
_205,1.6863169198005308
_206,4.104391430051072
_207,2.018948282421939
_208,1.7394750421264222
_209,3.278526610296914
_210,2.123507422996658
_211,3.5012970636525296
_212,2.325423852092017
_213,4.978018971420922
_214,2.2981129840588252
_215,1.8206758996094683
_216,3.5812293182675994
_217,3.668916165873144
_218,2.1490669266826554
_219,3.5882899873088276
_220,2.4626597888334887
_221,2.286693232890044
_222,3.01707813212761
_223,2.567896364166021
_224,3.2812519428680846
_225,3.2491582276897444
_226,3.752843952731431
_227,5.74849508113981
_228,3.2835687073033584
_229,2.276880190394093
_230,2.4362725808512176
_231,3.6344022040807533
_232,4.784323068918979
_233,4.773877564852116
_234,4.101524239933401
_235,3.261298250165592
_236,2.770064083787168
_237,4.554606302327933
_238,2.953992164870454
_239,3.3198918268597164
_240,5.897411130989744
_241,2.2778628520515984
_242,4.286907210721586
_243,2.8001604448116235
_244,3.765981455993277
_245,2.6139182603484192
_246,4.111939742519746
_247,3.616226253729809
_248,2.4362725808512176
_249,2.4322094467986974
_250,2.889828838220865
_251,3.124352939781914
_252,3.3115622287277544
_253,3.032777382079857
_254,3.427322557063367
_255,3.6379907394861406
_256,4.756686177132913
_257,4.333368899356592
_258,3.5607710904514844
